User_id,User
1, User123      
2, CommuterX    
3, FitnessFan   
4, AdventureX   
5, ChefCook     
6, GratitudeNow 
7, RainyDays    
8, MovieBuff    
9, DebateTalk   
10, BeachLover   
11, BloggerX     
12, WellnessCheck
13, UrbanExplorer
14, FitJourney   
15, TechEnthusiast
16, Reflections  
17, PetAdopter   
18, GamerX       
19, TechConference
20, WinterBlues  
21, Bookworm     
22, VRExplorer   
23, ProductivityPro
24, FitnessWarrior
25, CareerMilestone
26, BrunchBuddy  
27, LanguageLearner
28, BookLover    
29, MentalHealthMatters
30, ArtistInAction
31, RoadTripper  
32, SunsetWatcher
33, CodeEnthusiast
34, WorkshopAttendee
35, WinterSports  
36, FamilyTime   
37, MusicLover   
38, MindfulMoments
39, DessertExplorer
40, GamingEnthusiast
41, GardenPlanner 
42, BirthdayBash 
43, ProductivityWin
44, MovieNight   
45, ArtExplorer  
46, BookwormX    
47, VRMeetup     
48, NatureLover  
49, ChefAtHome   
50, OptimisticMindset
51, FitnessChallenge
52, BikeExplorer  
53, SocialJustice   
54, ThrillerFan     
55, EmpathyFirst    
56, EcoAwareness    
57, ProudFriend     
58, ComedyFan       
59, LoveSpreader    
60, AmusedSoul      
61, BookLoverAgain  
62, NatureAdmirer   
63, AffectionSender 
64, AweStruck       
65, FoodieGoneWrong 
66, HappySurprise   
67, AcceptanceSeeker
68, PetAdorer       
69, AdventureAwaits  
70, LearnFromBitter 
71, ZenMaster       
72, ConfusedMind    
73, VacationDreamer 
74, KindnessPrevails
75, PersonalAchiever
76, ReflectiveSelf  
77, AngryDebater    
78, FearfulDreamer  
79, FarewellHeart   
80, AntiCorruption  
81, NewParentJoy    
82, StandUpFan      
83, LoveSender      
84, PetAmuser       
85, TravelExplorer  
86, CharityAdmirer  
87, FamilyLover     
88, Stargazer       
89, ProjectStruggle 
90, JoyfulReunion   
91, LifeAcceptance  
92, PuppyAdmirer    
93, MovieBuff2      
94, CustomerWoes    
95, CalmSoul        
96, ConfusedMind2   
97, BirthdayExcite  
98, KindnessObserver
99, FitAchiever     
